'System', '@System', 'Terminal', '@Terminal', 'FixedSys', '@FixedSys', 'Modern', 'Roman', 'Script', 'Courier', 'MS Serif', 'MS Sans Serif', 'Small Fonts', '@Small Fonts', '国鉄方向幕書体OTF', '@国鉄方向幕書体OTF', '衡山毛筆フォント草書 OTF', '@衡山毛筆フォント草書 OTF', 'z明朝', '@z明朝', 'キネ丸ゴシック', '@キネ丸ゴシック', '衡山毛筆フォント行書 OTF', '@衡山毛筆フォント行書 OTF', '衡山毛筆フォント OTF', '@衡山毛筆 
フォント OTF', '青柳衡山フォントT OTF', '@青柳衡山フォントT OTF', '青柳疎石フォント2 OTF', '@青柳疎石フォント2 OTF', '不忘フェルトペン書体- 
教漢', '@不忘フェルトペン書体-教漢', 'くるりんふぉんと', '@くるりんふぉんと', 'りいポップ角 R', '@りいポップ角 R', '三丁目フォント', '@三丁 
目フォント', 'えり字', '@えり字', 'ＫＦひま字', '@ＫＦひま字', 'さなフォン角OT', '@さなフォン角OT', 'さなフォン丸OT', '@さなフォン丸OT', 'さ
なフォンOT', '@さなフォンOT', '和音 Joyo R', '@和音 Joyo R', 'GD-高速道路ゴシックJA-OTF', '@GD-高速道路ゴシックJA-OTF', 'FGゼロ甲型', '@FGゼ
ロ甲型', 'FGMTたれ', '@FGMTたれ', 'じゆうちょうフォント', '@じゆうちょうフォント', '拡張きずだらけのぎゃーてー', '@拡張きずだらけのぎゃーて 
ー', 'きずだらけのぎゃーてー', '@きずだらけのぎゃーてー', '拡張ぎゃーてーるみねっせんす', '@拡張ぎゃーてーるみねっせんす', 'ぎゃーてーるみね
っせんす', '@ぎゃーてーるみねっせんす', 'よもぎフォント', '@よもぎフォント', 'FG過充電フォント細字', '@FG過充電フォント細字', 'FG過充電フォ 
ント太字', '@FG過充電フォント太字', 'ジン乱角-R', '@ジン乱角-R', 'ジン乱扇-R', '@ジン乱扇-R', 'FG元禄明朝陽炎-参', '@FG元禄明朝陽炎-参', 'FG元禄明朝陽炎-四', '@FG元禄明朝陽炎-四', 'FG元禄明朝陽炎-壱', '@FG元禄明朝陽炎-壱', 'FG元禄明朝陽炎-弐', '@FG元禄明朝陽炎-弐', 'FG元禄明朝', 
'@FG元禄明朝', 'FG元禄花明朝灯火-弐', '@FG元禄花明朝灯火-弐', 'FG元禄花明朝斜', '@FG元禄花明朝斜', 'FG元禄花明朝灯火-壱', '@FG元禄花明朝灯火
-壱', 'FG元禄花明朝砂鉄', '@FG元禄花明朝砂鉄', 'FG元禄花明朝刀', '@FG元禄花明朝刀', 'FG元禄花明朝', '@FG元禄花明朝', 'FGキネ丸ハンガ', '@FG 
キネ丸ハンガ', '拡張チェックアンド横断フォント', '@拡張チェックアンド横断フォント', 'チェックアンド横断フォント', '@チェックアンド横断フォン
ト', '拡張チェックアンドU-Foフォント', '@拡張チェックアンドU-Foフォント', 'チェックアンドU-Foフォント', '@チェックアンドU-Foフォント', 'チェ
ックポイントフォント', '@チェックポイントフォント', '拡張チェックポイントフォント', '@拡張チェックポイントフォント', 'ピグモ 01', '@ピグモ 01', 'マキナス', '@マキナス', 'STすっきりゴシック', '@STすっきりゴシック', 'FGGAUリラックスパース1', '@FGGAUリラックスパース1', 'FGGAUリラッ 
クスパース2', '@FGGAUリラックスパース2', 'ピグモ 00', '@ピグモ 00', 'FGGAUリラックス', '@FGGAUリラックス', 'FGGAUドーナツ', '@FGGAUドーナツ', 'FGGRAYファンシーバルーンズ', '@FGGRAYファンシーバルーンズ', 'FGGRAYキャンディストア', '@FGGRAYキャンディストア', 'FGGRAYラブリーマイク', 
'@FGGRAYラブリーマイク', 'FGGRAYナツミカン', '@FGGRAYナツミカン', 'FGGRAYラブリーカプセルズ', '@FGGRAYラブリーカプセルズ', 'FGポテゴ', '@FG 
ポテゴ', 'FGポテゴボールド', '@FGポテゴボールド', 'FGポテ明', '@FGポテ明', 'FGポテミックス', '@FGポテミックス', 'FGゼロ丙型', '@FGゼロ丙型', 'FGゼロ乙型', '@FGゼロ乙型', 'FGニューモダンポチ', '@FGニューモダンポチ', 'FGニューレトロポチ', '@FGニューレトロポチ', 'FGニューレトロ', '@FGニューレトロ', 'FGニューラブリーポチ', '@FGニューラブリーポチ', 'FGニューポップポチ', '@FGニューポップポチ', 'FGニューモダン', '@FGニュー 
モダン', 'FGニューポップ', '@FGニューポップ', 'FG元禄ゴシック', '@FG元禄ゴシック', 'FGニューラブリー', '@FGニューラブリー', 'FGパースA', '@FGパースA', 'FGパースB', '@FGパースB', 'FGコミッケブルブル', '@FGコミッケブルブル', 'FG新くるりん', '@FG新くるりん', 'FGコミッケブル', '@FGコ
ミッケブル', 'FGコミッケラインブル', '@FGコミッケラインブル', 'FGコミッケリバース', '@FGコミッケリバース', 'FGコミッケ', '@FGコミッケ', 'FG 
ゴーゴーライン', '@FGゴーゴーライン', 'FGゴーゴー', '@FGゴーゴー', 'FGジョーカー', '@FGジョーカー', 'FGポッテリ', '@FGポッテリ', 'FGボッテリ
', '@FGボッテリ', 'FGカワイイ丸', '@FGカワイイ丸', 'FGカワイイ', '@FGカワイイ', 'Marlett', 'Arial', 'Arabic Transparent', 'Arial Baltic', 'Arial CE', 'Arial CYR', 'Arial Greek', 'Arial TUR', 'Arial Black', 'Bahnschrift Light', 'Bahnschrift SemiLight', 'Bahnschrift', 'Bahnschrift 
SemiBold', 'Bahnschrift Light SemiCondensed', 'Bahnschrift SemiLight SemiConde', 'Bahnschrift SemiCondensed', 'Bahnschrift SemiBold SemiConden', 'Bahnschrift Light Condensed', 'Bahnschrift SemiLight Condensed', 'Bahnschrift Condensed', 'Bahnschrift SemiBold Condensed', 'Calibri', 'Calibri Light', 'Cambria', 'Cambria Math', 'Candara', 'Candara Light', 'Comic Sans MS', 'Consolas', 'Constantia', 'Corbel', 'Corbel Light', 'Courier New', 'Courier New Baltic', 'Courier New CE', 'Courier New CYR', 'Courier New Greek', 'Courier New TUR', 'Ebrima', 'Franklin Gothic Medium', 'Gabriola', 'Gadugi', 'Georgia', 'Impact', 'Ink Free', 'Javanese Text', 'Leelawadee UI', 'Leelawadee UI Semilight', 'Lucida Console', 'Lucida Sans Unicode', 'Malgun Gothic', '@Malgun Gothic', 'Malgun Gothic Semilight', '@Malgun Gothic Semilight', 'Microsoft Himalaya', 'Microsoft JhengHei', '@Microsoft JhengHei', 'Microsoft JhengHei UI', '@Microsoft JhengHei UI', 'Microsoft JhengHei Light', '@Microsoft JhengHei Light', 'Microsoft JhengHei UI Light', '@Microsoft JhengHei UI Light', 'Microsoft New Tai Lue', 'Microsoft PhagsPa', 'Microsoft Sans Serif', 'Microsoft Tai Le', 'Microsoft YaHei', '@Microsoft YaHei', 'Microsoft YaHei UI', '@Microsoft YaHei UI', 'Microsoft YaHei Light', '@Microsoft YaHei Light', 'Microsoft YaHei UI Light', '@Microsoft YaHei UI Light', 'Microsoft Yi Baiti', 'MingLiU-ExtB', '@MingLiU-ExtB', 'PMingLiU-ExtB', '@PMingLiU-ExtB', 'MingLiU_HKSCS-ExtB', '@MingLiU_HKSCS-ExtB', 'Mongolian Baiti', 'ＭＳ ゴシック', '@ＭＳ ゴシック', 'MS UI Gothic', '@MS UI Gothic', 'ＭＳ Ｐゴシック', '@ＭＳ Ｐゴシック', 'MV Boli', 'Myanmar Text', 'Nirmala UI', 'Nirmala UI Semilight', 'Palatino Linotype', 'Segoe MDL2 Assets', 'Segoe Print', 'Segoe Script', 'Segoe UI', 'Segoe UI Black', 'Segoe UI Emoji', 'Segoe UI Historic', 'Segoe UI Light', 'Segoe UI Semibold', 'Segoe UI Semilight', 'Segoe UI Symbol', 'SimSun', '@SimSun', 'NSimSun', '@NSimSun', 'SimSun-ExtB', '@SimSun-ExtB', 'Sitka Small', 'Sitka Text', 'Sitka Subheading', 'Sitka Heading', 'Sitka Display', 'Sitka Banner', 'Sylfaen', 'Symbol', 'Tahoma', 'Times New Roman', 'Times New Roman Baltic', 'Times New Roman CE', 'Times New Roman CYR', 'Times New Roman Greek', 'Times New Roman TUR', 'Trebuchet MS', 'Verdana', 'Webdings', 'Wingdings', '游ゴシック', '@游ゴシック', 'Yu Gothic UI', '@Yu Gothic UI', 'Yu Gothic UI Semibold', '@Yu Gothic UI Semibold', '游ゴシック Light', '@游ゴシック Light', 'Yu Gothic UI Light', '@Yu Gothic UI Light', '游ゴシック Medium', '@游ゴシック Medium', 'Yu Gothic UI Semilight', '@Yu Gothic UI Semilight', 'BIZ UDゴシック', '@BIZ UDゴシック', 'BIZ UDPゴシック', '@BIZ UDPゴシック', 'BIZ UD明朝 Medium', '@BIZ UD明朝 Medium', 'BIZ UDP明朝 Medium', '@BIZ UDP明朝 Medium', 'メイリオ', '@メイリオ', 'Meiryo UI', '@Meiryo UI', 'ＭＳ  
明朝', '@ＭＳ 明朝', 'ＭＳ Ｐ明朝', '@ＭＳ Ｐ明朝', 'UD デジタル 教科書体 N-B', '@UD デジタル 教科書体 N-B', 'UD デジタル 教科書体 NP-B', '@UD デジタル 教科書体 NP-B', 'UD デジタル 教科書体 NK-B', '@UD デジタル 教科書体 NK-B', 'UD デジタル 教科書体 N-R', '@UD デジタル 教科書体 N-R', 'UD デジタル 教科書体 NP-R', '@UD デジタル 教科書体 NP-R', 'UD デジタル 教科書体 NK-R', '@UD デジタル 教科書体 NK-R', '游明朝', '@游明朝
', '游明朝 Demibold', '@游明朝 Demibold', '游明朝 Light', '@游明朝 Light', 'HoloLens MDL2 Assets', 'Angsana New', 'AngsanaUPC', 'Browallia New', 'BrowalliaUPC', 'Cordia New', 'CordiaUPC', 'DilleniaUPC', 'EucrosiaUPC', 'FreesiaUPC', 'IrisUPC', 'JasmineUPC', 'KodchiangUPC', 'Leelawadee', 'LilyUPC', 'Agency FB', 'Algerian', 'Book Antiqua', 'Arial Narrow', 'Arial Rounded MT Bold', 'Baskerville Old Face', 'Bauhaus 93', 'Bell MT', 'Bernard MT Condensed', 'Bodoni MT', 'Bodoni MT Black', 'Bodoni MT Condensed', 'Bodoni MT Poster Compressed', 'Bookman Old Style', 
'Bradley Hand ITC', 'Britannic Bold', 'Berlin Sans FB', 'Berlin Sans FB Demi', 'Broadway', 'Brush Script MT', 'Bookshelf Symbol 7', 'Californian FB', 'Calisto MT', 'Castellar', 'Century Schoolbook', 'Centaur', 'Century', 'Chiller', 'Colonna MT', 'Cooper Black', 'Copperplate Gothic Bold', 'Copperplate Gothic Light', 'Curlz MT', 'Dubai', 'Dubai Light', 'Dubai Medium', 'Elephant', 'Engravers MT', 'Eras Bold ITC', 'Eras 
Demi ITC', 'Eras Light ITC', 'Eras Medium ITC', 'Felix Titling', 'Forte', 'Franklin Gothic Book', 'Franklin Gothic Demi', 'Franklin Gothic Demi Cond', 'Franklin Gothic Heavy', 'Franklin Gothic Medium Cond', 'Freestyle Script', 'French Script MT', 'Footlight MT Light', 'Garamond', 'Gigi', 'Gill Sans MT', 'Gill Sans MT Condensed', 'Gill Sans Ultra Bold Condensed', 'Gill Sans Ultra Bold', 'Gloucester MT Extra Condensed', 'Gill Sans MT Ext Condensed Bold', 'Century Gothic', 'Goudy Old Style', 'Goudy Stout', 'Harlow Solid Italic', 'Harrington', 'Haettenschweiler', 'HG正楷書体-PRO', '@HG正楷書体-PRO', 'HG丸ｺﾞｼｯｸM-PRO', '@HG丸ｺﾞｼｯｸM-PRO', 'High Tower Text', 'Imprint MT Shadow', 'Informal Roman', 'Blackadder ITC', 'Edwardian Script ITC', 'Kristen ITC', 'Jokerman', 'Juice ITC', 'Kunstler Script', 'Wide Latin', 'Lucida Bright', 'Lucida Calligraphy', 'Lucida Fax', 'Lucida Handwriting', 'Lucida Sans', 'Lucida Sans Typewriter', 'Magneto', 'Maiandra GD', 'Matura MT Script Capitals', 'Mistral', 'Modern No. 20', 'Monotype Corsiva', 'MT Extra', 'Niagara Engraved', 'Niagara Solid', 'OCR A Extended', 'OCRB', 'Old English 
Text MT', 'Onyx', 'MS Outlook', 'Palace Script MT', 'Papyrus', 'Parchment', 'Perpetua', 'Perpetua Titling MT', 'Playbill', 'Poor Richard', 'Pristina', 'Rage Italic', 'Ravie', 'MS Reference Sans Serif', 'MS Reference Specialty', 'Rockwell Condensed', 'Rockwell', 'Rockwell Extra Bold', 'Script MT Bold', 'Showcard Gothic', 'Snap ITC', 'Stencil', 'Tw Cen MT', 'Tw Cen MT Condensed', 'Tw Cen MT Condensed Extra Bold', 'Tempus Sans ITC', 'Viner Hand ITC', 'Vivaldi', 'Vladimir Script', 'Wingdings 2', 'Wingdings 3', 'HGｺﾞｼｯｸE', '@HGｺﾞｼｯｸE', 'HGPｺﾞｼｯｸE', '@HGPｺﾞｼｯｸE', 'HGSｺﾞｼｯｸE', '@HGSｺﾞｼｯｸE', 'HGｺﾞｼｯｸM', '@HGｺﾞｼｯｸM', 'HGPｺﾞｼｯｸM', '@HGPｺﾞｼｯｸM', 'HGSｺﾞｼｯｸM', '@HGSｺﾞｼｯｸM', 'HG行書体', '@HG行書体', 'HGP 
行書体', '@HGP行書体', 'HGS行書体', '@HGS行書体', 'HG教科書体', '@HG教科書体', 'HGP教科書体', '@HGP教科書体', 'HGS教科書体', '@HGS教科書体', 'HG明朝B', '@HG明朝B', 'HGP明朝B', '@HGP明朝B', 'HGS明朝B', '@HGS明朝B', 'HG明朝E', '@HG明朝E', 'HGP明朝E', '@HGP明朝E', 'HGS明朝E', '@HGS 
明朝E', 'HG創英角ﾎﾟｯﾌﾟ体', '@HG創英角ﾎﾟｯﾌﾟ体', 'HGP創英角ﾎﾟｯﾌﾟ体', '@HGP創英角ﾎﾟｯﾌﾟ体', 'HGS創英角ﾎﾟｯﾌﾟ体', '@HGS創英角ﾎﾟｯﾌﾟ体', 'HG創英ﾌﾟﾚｾﾞﾝｽEB', '@HG創英ﾌﾟﾚｾﾞﾝｽEB', 'HGP創英ﾌﾟﾚｾﾞﾝｽEB', '@HGP創英ﾌﾟﾚｾﾞﾝｽEB', 'HGS創英ﾌﾟﾚｾﾞﾝｽEB', '@HGS創英ﾌﾟﾚｾﾞﾝｽEB', 'HG創英角ｺﾞｼｯｸUB', '@HG創英角ｺﾞｼｯｸUB', 'HGP創英角ｺﾞｼｯｸUB', '@HGP創英角ｺﾞｼｯｸUB', 'HGS創英角ｺﾞｼｯｸUB', '@HGS創英角ｺﾞｼｯｸUB', 'FGこうざんもうひつ柔', '@FGこうざんもうひつ柔', 
'Microsoft Uighur', '国鉄方向幕書体', '@国鉄方向幕書体', 'M+ 2c', '@M+ 2c', 'M+ 2m', '@M+ 2m', 'M+ 2p', '@M+ 2p', 'M+ 1c', '@M+ 1c', 'M+ 1m', '@M+ 1m', 'M+ 1mn', '@M+ 1mn', 'M+ 1p', '@M+ 1p', 'fgpaletteB', 'fgplaqueA', 'YOUNGMAN', 'YUKAKUMADOG', 'marugari', 'codomo', 'hanauta', 'everydayuiA', 'everydayuiB', 'FGWEBICON', 'FGPICT', 'fgpaletteA', '白舟草書教漢', '@白舟草書教漢', '白舟篆古印教漢', '@白舟篆古印教漢', '白 
舟印相体教漢', '@白舟印相体教漢', '白舟極太楷書教漢', '@白舟極太楷書教漢', '白舟隷書教漢', '@白舟隷書教漢', '白舟行書教漢', '@白舟行書教漢', '白舟古印体教漢', '@白舟古印体教漢', '白舟篆書教漢', '@白舟篆書教漢', '舞亭ペン字草書-教漢', '@舞亭ペン字草書-教漢', '白舟楷書教漢', '@白舟
楷書教漢', '舞亭ペン字楷書上級-教漢', '@舞亭ペン字楷書上級-教漢', '舞亭ペン字入門楷行体-教漢', '@舞亭ペン字入門楷行体-教漢', '吐き溜', '@吐 
き溜', '怨霊', '@怨霊', 'S2G らぶ', '@S2G らぶ', 'S2Gメモ', '@S2Gメモ', 'S2G殴り書き', '@S2G殴り書き', 'S2Gつきフォント', '@S2Gつきフォント', 'S2G海フォント', '@S2G海フォント', '春夏秋冬', '@春夏秋冬', '春夏秋冬Ⅱ', '@春夏秋冬Ⅱ', '春夏秋冬ⅡＰ', '@春夏秋冬ⅡＰ', 'SR角田さん', '@SR角
田さん', 'ほにゃ字', '@ほにゃ字', 'あんずもじ', '@あんずもじ', 'アームドバナナ', '@アームドバナナ', 'アームドレモン', '@アームドレモン', 'ぷ
ちくまふぉんと太め', '@ぷちくまふぉんと太め', 'うずらフォント', '@うずらフォント', 'あずきフォント', '@あずきフォント', 'おひさまフォント', 
'@おひさまフォント', 'まきばフォント', '@まきばフォント', 'みきゆFONT ペン字 Ｐ', '@みきゆFONT ペン字 Ｐ', 'みきゆFONT ペン字 等幅', '@みき 
ゆFONT ペン字 等幅', 'ふい字', '@ふい字', 'あくびん', '@あくびん', 'さなフォン悠', '@さなフォン悠', 'さなフォン業', '@さなフォン業', 'てあと
る１６', '@てあとる１６', 'T1号', '@T1号', '70:昭和のすたるじい', '@70:昭和のすたるじい', '70:はばたきフォント', '@70:はばたきフォント', 'XANO明朝', '@XANO明朝', 'GD-高速道路ゴシックJA-TTF', '@GD-高速道路ゴシックJA-TTF', '和田研細丸ゴシック2004P4', '@和田研細丸ゴシック2004P4', 'fgplaqueB', 'きろ字', '@きろ字', 'きろ字 - B', '@きろ字 - B', 'きろ字 - D', '@きろ字 - D', 'きろ字 - P', '@きろ字 - P', 'たぬき油性マジック', '@たぬき油性マジック', 'はなぞめフォント', '@はなぞめフォント', '隼文字', '@隼文字', '隼文字太', '@隼文字太', 'みちます', '@みちます', '櫻 
井幸一フォント フェルトペン', '@櫻井幸一フォント フェルトペン', 'みきゆフォント ペン字P', '@みきゆフォント ペン字P', 'ゆたぽん（コーディング
）', '@ゆたぽん（コーディング）', 'ゆたぽん（コーディング）Bold', '@ゆたぽん（コーディング）Bold', 'ゆたぽん（コーディング）Heavy', '@ゆたぽ
ん（コーディング）Heavy', 'FGこうざんもうひつ滲', '@FGこうざんもうひつ滲', 'ぷちくまふぉんともっと太め', '@ぷちくまふぉんともっと太め', 'FG 
あおやぎれいしょ滲', '@FGあおやぎれいしょ滲', 'FGあおやぎれいしょ柔', '@FGあおやぎれいしょ柔', '花園明朝A', '@花園明朝A', '花園明朝B', '@花 
園明朝B', 'IPAゴシック', '@IPAゴシック', 'IPA Pゴシック', '@IPA Pゴシック', 'IPA明朝', '@IPA明朝', 'IPA P明朝', '@IPA P明朝', '源柔ゴシック 
Light', '@源柔ゴシック Light', '源柔ゴシック Medium', '@源柔ゴシック Medium', '源�
PS C:\Users\adsol\OneDrive\ドキュメント\pythonアプリ\tkinter入門> 